B001,Cash Payment
B002,Cash Payment
B003,Cash Payment
B004,Cash Payment
B005,Online Payment
B006,Online Payment
B007,Online Payment
B008,Cash Payment
B009,Online Payment
B010,Online Payment
B011,Online Payment
B012,Online Payment
B013,Cash Payment
B014,Cash Payment
B015,Cash Payment
B016,Cash Payment
B017,Online Payment
B018,Online Payment
B019,Online Payment
B020,Online Payment
B021,Cash Payment
B022,Cash Payment
B023,Cash Payment
B024,Cash Payment
B025,Cash Payment
B026,Cash Payment
B027,Cash Payment
