Chiken,Chiken,12.0,0,Burger
Chiken,nn,12.0,0,Burger
Cheese Burger,nn,500.0,0,Burger
Coca Cola,Coca Cola,100.0,0,Beverages
Chocolate,M&N,100.0,0,Cookies
CupCake,nn,20.0,0,Cakes
Fanta,coc,100.0,20,Beverages
Vanila,P&G,120.0,0,Cookies
Fish Bun,our,100.0,0,Pastries
edewed,we,100.0,0,Beverages
bbb,bbb,12.0,0,Burger
NN,nn,12.0,0,Pastries
Chiken Burger,A&M Bakery,400.0,19,Burger
Fish Rolls,A&M Bakery,100.0,18,Pastries
CocaCola,CocaCola,150.0,17,Beverages
Fanta,CocaCola,150.0,20,Beverages
Muffins,A&M Bakery,120.0,30,Cakes
Cookies,CM Bakes,80.0,20,Cookies
Fotello,Cola,150.0,20,Beverages
